"game_id","date","Team","Opponent","Team_Score","Opponent_Score","Location","ADJO","ADJD","EFF","EFG_pct","TO_Pct","OR_Pct","FTR_Pct","ThreePointer_Pct","opp_ADJO","opp_ADJD","Opp_EFF","Opp_EFG_Pct","Opp_TO_Pct","Opp_OR_Pct","Opp_FTR_Pct","Opp_ThreePointer_Pct"
"Air ForceCalifornia11-21",2024-11-21,"California","California",78,69,"H",113.2,112.6,118.1,57.7,22.7,43.3,51.9,30.77,113.2,112.6,118.1,57.7,22.7,43.3,51.9,30.77
"Alabama A&MGeorgia Tech12-28",2024-12-28,"Georgia Tech","Georgia Tech",92,49,"H",99.6,76.6,115.7,62.3,23.9,34.5,34.4,47.62,99.6,76.6,115.7,62.3,23.9,34.5,34.4,47.62
"Alabama St.SMU12-3",2024-12-03,"SMU","SMU",101,72,"H",122.6,110.6,138.6,55.1,11,47.6,49.3,34.48,122.6,110.6,138.6,55.1,11,47.6,49.3,34.48
"AlabamaNorth Carolina12-4",2024-12-04,"North Carolina","North Carolina",79,94,"H",103.1,95.8,94.7,44.2,15.6,31.9,20.5,17.86,103.1,95.8,94.7,44.2,15.6,31.9,20.5,17.86
"AlbanySyracuse12-10",2024-12-10,"Syracuse","Syracuse",102,85,"H",130.2,124.9,140.1,68.3,15.1,37.5,28.6,40,130.2,124.9,140.1,68.3,15.1,37.5,28.6,40
"AmericanNorth Carolina11-15",2024-11-15,"North Carolina","North Carolina",107,55,"H",122.1,92,144.2,64.8,12.1,38.5,55.7,31.82,122.1,92,144.2,64.8,12.1,38.5,55.7,31.82
"AmericanVirginia12-22",2024-12-22,"Virginia","Virginia",63,58,"H",100.1,104.4,107.8,54,13.7,20.7,28,42.11,100.1,104.4,107.8,54,13.7,20.7,28,42.11
"ArkansasMiami FL12-3",2024-12-03,"Miami FL","Miami FL",73,76,"H",120,106.6,108.1,55.8,16.3,25,13.3,31.03,120,106.6,108.1,55.8,16.3,25,13.3,31.03
"ArmyDuke11-8",2024-11-08,"Duke","Duke",100,58,"H",126.8,93.2,141,61.3,11.3,43.6,25.4,44.74,126.8,93.2,141,61.3,11.3,43.6,25.4,44.74
"AuburnDuke12-4",2024-12-04,"Duke","Duke",84,78,"H",148.6,102.2,133.8,57.8,6.4,33.3,46.6,40.91,148.6,102.2,133.8,57.8,6.4,33.3,46.6,40.91
"AuburnNorth Carolina11-26",2024-11-26,"North Carolina","North Carolina",72,85,"N",108.7,93.4,97.2,48.4,13.5,18.4,30.6,37.5,108.7,93.4,97.2,48.4,13.5,18.4,30.6,37.5
"BellarmineLouisville11-19",2024-11-19,"Louisville","Louisville",100,68,"H",111.3,101.6,135.6,64.1,12.2,34.5,37.5,34.29,111.3,101.6,135.6,64.1,12.2,34.5,37.5,34.29
"Bethune CookmanVirginia12-12",2024-12-12,"Virginia","Virginia",59,41,"H",94.5,90.4,103,51,19.2,32.3,24,30.43,94.5,90.4,103,51,19.2,32.3,24,30.43
"BinghamtonMiami FL11-10",2024-11-10,"Miami FL","Miami FL",88,64,"H",116.3,100.3,128.5,57.8,10.2,25.8,43.1,35.48,116.3,100.3,128.5,57.8,10.2,25.8,43.1,35.48
"Boise St.Boston College11-26",2024-11-26,"Boston College","Boston College",63,61,"N",96,82,91.9,51,26.3,21.4,27.5,16.67,96,82,91.9,51,26.3,21.4,27.5,16.67
"Boston CollegeGeorgia Tech1-4",2025-01-04,"Boston College","Georgia Tech",64,85,"A",98.4,117.2,90.2,46.6,18.3,22.2,25.4,33.33,112.2,91.8,119.8,66,12.7,14.8,50.9,47.06
"Boston CollegeMissouri St.11-25",2024-11-25,"Boston College","Boston College",76,74,"N",103.9,105.3,105.3,58.9,19.4,22.6,32.1,55.56,103.9,105.3,105.3,58.9,19.4,22.6,32.1,55.56
"Boston CollegeNorth Carolina1-25",2025-01-25,"Boston College","North Carolina",96,102,"A",139.9,122,127.7,65.2,12,20,21.2,58.33,127.5,129.2,135.7,60.3,10.6,41.4,52.4,37.5
"Boston CollegeNotre Dame1-13",2025-01-13,"Boston College","Notre Dame",60,78,"A",107.8,110.2,98.6,57.4,29.6,28,12.8,52.63,115.2,105.5,128.2,50,16.4,51.5,49.1,20
"Boston CollegeOld Dominion11-24",2024-11-24,"Boston College","Boston College",82,52,"N",114.6,88.6,123.7,50.7,12.1,43.2,23.9,38.46,114.6,88.6,123.7,50.7,12.1,43.2,23.9,38.46
"Boston CollegeVCU11-8",2024-11-08,"Boston College","Boston College",55,80,"N",87.3,103.6,76.6,31,23.7,34.7,50,18.18,87.3,103.6,76.6,31,23.7,34.7,50,18.18
"Boston CollegeVirginia1-21",2025-01-21,"Boston College","Virginia",56,74,"A",92.7,118.8,90.8,51.1,24.3,14.8,21.3,26.67,116.6,88,119.9,63,17.8,26.9,28,55
"Boston CollegeWake Forest12-7",2024-12-07,"Boston College","Wake Forest",66,72,"A",115,106.6,100.2,47.4,21.2,28.6,24.6,40,101.9,102,109.3,50,12.1,23.3,72.3,38.46
"BucknellSyracuse12-28",2024-12-28,"Syracuse","Syracuse",75,63,"H",101,96,103.4,53.5,29,44.1,40.4,30.43,101,96,103.4,53.5,29,44.1,40.4,30.43
"BuffaloNotre Dame11-11",2024-11-11,"Notre Dame","Notre Dame",86,77,"H",102.6,111.9,110.9,55.1,12.9,14.3,45.8,25,102.6,111.9,110.9,55.1,12.9,14.3,45.8,25
"Cal BaptistSMU11-26",2024-11-26,"SMU","SMU",79,77,"N",124,113.1,122.7,60,17.1,35.7,32.7,40,124,113.1,122.7,60,17.1,35.7,32.7,40
"Cal PolyCalifornia11-7",2024-11-07,"California","California",91,73,"H",109.1,101.1,120.4,54.6,13.2,37.8,43.1,42.31,109.1,101.1,120.4,54.6,13.2,37.8,43.1,42.31
"Cal PolyStanford11-30",2024-11-30,"Stanford","Stanford",90,97,"H",112.5,123.9,117,53.7,11.7,26.3,32.8,30.3,112.5,123.9,117,53.7,11.7,26.3,32.8,30.3
"Cal St. BakersfieldCalifornia11-4",2024-11-04,"California","California",86,73,"H",110,102.3,118.2,48.2,15.1,39.5,70.2,30.43,110,102.3,118.2,48.2,15.1,39.5,70.2,30.43
"Cal St. FullertonStanford11-8",2024-11-08,"Stanford","Stanford",80,53,"H",108.6,103.2,126,56.6,14.2,34.5,49.1,37.5,108.6,103.2,126,56.6,14.2,34.5,49.1,37.5
"CaliforniaClemson1-4",2025-01-04,"California","Clemson",68,80,"A",123.1,115.3,111.2,50.9,9.8,26.5,28.1,35.29,126.1,109.5,130.8,70,19.6,35,24,44.44
"CaliforniaMissouri12-3",2024-12-03,"California","California",93,98,"A",137.9,107.9,122.4,58.1,19.7,42.4,40.3,41.67,137.9,107.9,122.4,58.1,19.7,42.4,40.3,41.67
"CaliforniaN.C. State1-18",2025-01-18,"California","California",65,62,"A",112,97.4,105.9,50.9,17.9,37.5,32.1,37.5,112,97.4,105.9,50.9,17.9,37.5,32.1,37.5
"CaliforniaNorth Carolina1-15",2025-01-15,"California","North Carolina",53,79,"A",84.1,96.6,73.8,37,18.1,24.4,7.2,12,103.1,75.9,110.1,51.5,13.9,33.3,20,35.71
"CaliforniaPittsburgh1-1",2025-01-01,"California","Pittsburgh",74,86,"A",122.3,112.9,112.2,45.5,9.1,30.6,52.7,28.57,121.7,114.4,130.4,57.7,12.1,26.7,65.4,44.44
"CaliforniaSMU1-29",2025-01-29,"California","SMU",65,76,"A",98.8,95.3,90.9,38.1,15.4,32.7,31.3,20,102.7,89.3,106.3,50,22.4,41.2,31.7,30
"CaliforniaSan Diego St.12-21",2024-12-21,"California","California",50,71,"N",90.5,101.9,75.1,30,27,36.4,38.2,20.83,90.5,101.9,75.1,30,27,36.4,38.2,20.83
"CaliforniaUSC11-17",2024-11-17,"California","California",71,66,"A",115.4,92.2,107.7,55.5,19.7,25,23.6,33.33,115.4,92.2,107.7,55.5,19.7,25,23.6,33.33
"CaliforniaVanderbilt11-13",2024-11-13,"California","California",69,85,"A",97.9,102.3,90.7,48.2,26.3,23.5,38.2,35.71,97.9,102.3,90.7,48.2,26.3,23.5,38.2,35.71
"CampbellNorth Carolina12-29",2024-12-29,"North Carolina","North Carolina",97,81,"H",137.8,119.2,136.6,65.1,9.9,33.3,31.7,35.71,137.8,119.2,136.6,65.1,9.9,33.3,31.7,35.71
"CampbellVirginia11-6",2024-11-06,"Virginia","Virginia",65,56,"H",111.5,99.9,110.7,64.3,18.7,18.2,42.9,46.15,111.5,99.9,110.7,64.3,18.7,18.2,42.9,46.15
"Central ArkansasGeorgia Tech11-30",2024-11-30,"Georgia Tech","Georgia Tech",87,68,"H",122,118.3,134.7,58.2,7.7,35.3,32.8,40.62,122,118.3,134.7,58.2,7.7,35.3,32.8,40.62
"Charleston SouthernClemson11-4",2024-11-04,"Clemson","Clemson",91,64,"H",121.9,101.6,129.8,57.7,10,36.1,36.9,52.38,121.9,101.6,129.8,57.7,10,36.1,36.9,52.38
"Charleston SouthernGeorgia Tech11-27",2024-11-27,"Georgia Tech","Georgia Tech",91,67,"H",115.5,98.8,122,54.9,9.4,35.1,27.8,27.27,115.5,98.8,122,54.9,9.4,35.1,27.8,27.27
"Charleston SouthernMiami FL11-30",2024-11-30,"Miami FL","Miami FL",79,83,"H",111.2,132.4,116.3,57.6,14.7,25.8,23.7,36.36,111.2,132.4,116.3,57.6,14.7,25.8,23.7,36.36
"CincinnatiGeorgia Tech11-23",2024-11-23,"Georgia Tech","Georgia Tech",58,81,"H",94.7,117.6,83.3,39.8,17.2,30.8,33.9,25,94.7,117.6,83.3,39.8,17.2,30.8,33.9,25
"ClemsonBoise St.11-17",2024-11-17,"Clemson","Clemson",71,84,"A",111.4,103.1,100.2,41.2,11.3,31.1,29.4,24,111.4,103.1,100.2,41.2,11.3,31.1,29.4,24
"ClemsonGeorgia Tech1-14",2025-01-14,"Clemson","Georgia Tech",70,59,"A",116.1,88.6,107.3,51.9,13.8,17.2,38.5,34.78,95.2,99,90.4,41.7,21.5,30.8,35.2,35
"ClemsonLouisville1-7",2025-01-07,"Clemson","Louisville",64,74,"A",109.4,97.8,97.1,46.2,19.7,41,7.7,33.33,118.6,89.6,112.2,52.7,18.2,29,36.4,29.63
"ClemsonMiami FL12-7",2024-12-07,"Clemson","Miami FL",65,55,"A",98.6,89.2,109.7,47.4,11.8,33.3,20.7,33.33,102.3,97.3,92.8,44.6,21.9,35.3,10.7,16
"ClemsonN.C. State2-1",2025-02-01,"Clemson","Clemson",68,58,"A",115,93.4,111,53.7,8.2,13.8,22.2,35.29,115,93.4,111,53.7,8.2,13.8,22.2,35.29
"ClemsonPenn St.11-26",2024-11-26,"Clemson","Clemson",75,67,"N",111.7,92.1,108.2,51.8,18.8,31.4,35.1,47.37,111.7,92.1,108.2,51.8,18.8,31.4,35.1,47.37
"ClemsonPittsburgh1-18",2025-01-18,"Clemson","Pittsburgh",78,75,"A",132.7,107,125.4,64.2,20.9,38.5,26.4,51.85,126.8,116.2,120.6,54,14.5,38.9,16.1,32.35
"ClemsonSan Francisco11-25",2024-11-25,"Clemson","Clemson",70,55,"N",116.1,90.2,113.8,54.3,19.5,43.8,17.2,41.18,116.1,90.2,113.8,54.3,19.5,43.8,17.2,41.18
"ClemsonSouth Carolina12-17",2024-12-17,"Clemson","Clemson",88,91,"A",126,119.6,116.5,53.9,13.2,25,32.8,42.86,126,119.6,116.5,53.9,13.2,25,32.8,42.86
"ClemsonVirginia Tech1-25",2025-01-25,"Clemson","Virginia Tech",72,57,"A",118.8,90.3,118.9,54.3,13.2,37.9,22.4,33.33,101.7,107.5,94.1,45,16.5,29.4,42,36.84
"ColgateSyracuse11-12",2024-11-12,"Syracuse","Syracuse",74,72,"H",99.7,104.3,105.7,50,10,26.2,11.4,34.78,99.7,104.3,105.7,50,10,26.2,11.4,34.78
"Coppin St.Miami FL11-17",2024-11-17,"Miami FL","Miami FL",93,63,"H",127.8,117.7,138.5,67.2,13.4,34.5,14.1,51.85,127.8,117.7,138.5,67.2,13.4,34.5,14.1,51.85
"Coppin St.Virginia11-11",2024-11-11,"Virginia","Virginia",62,45,"H",91.1,87,97.4,49,18.9,18.8,23.1,33.33,91.1,87,97.4,49,18.9,18.8,23.1,33.33
"Coppin St.Wake Forest11-4",2024-11-04,"Wake Forest","Wake Forest",64,49,"H",86.6,80.4,89.5,47.3,16.8,23.1,41.1,24.32,86.6,80.4,89.5,47.3,16.8,23.1,41.1,24.32
"CornellCalifornia12-10",2024-12-10,"California","California",80,88,"H",102.7,115.5,109.5,53.1,24.6,43.6,25,36.36,102.7,115.5,109.5,53.1,24.6,43.6,25,36.36
"CornellSyracuse11-27",2024-11-27,"Syracuse","Syracuse",82,72,"H",100.5,92.9,108.5,44.5,7.9,29.5,27.4,38.46,100.5,92.9,108.5,44.5,7.9,29.5,27.4,38.46
"CreightonNotre Dame11-30",2024-11-30,"Notre Dame","Notre Dame",76,80,"N",117.4,108.5,108.4,50,12.8,30.8,23.1,39.13,117.4,108.5,108.4,50,12.8,30.8,23.1,39.13
"DartmouthBoston College11-29",2024-11-29,"Boston College","Boston College",83,88,"H",110.2,124.7,111.8,56.2,13.5,16.7,48.2,21.74,110.2,124.7,111.8,56.2,13.5,16.7,48.2,21.74
"DartmouthNotre Dame12-11",2024-12-11,"Notre Dame","Notre Dame",77,65,"H",112,98.8,112.6,57.6,13.2,19.4,23.7,28.57,112,98.8,112.6,57.6,13.2,19.4,23.7,28.57
"DaytonNorth Carolina11-25",2024-11-25,"North Carolina","North Carolina",92,90,"N",116.4,109.1,118.5,60.2,19.3,26.7,63,39.13,116.4,109.1,118.5,60.2,19.3,26.7,63,39.13
"Delaware St.Virginia Tech11-4",2024-11-04,"Virginia Tech","Virginia Tech",83,60,"H",108.7,93.6,117,55.5,22.5,42.4,60,32.14,108.7,93.6,117,55.5,22.5,42.4,60,32.14
"DenverStanford11-4",2024-11-04,"Stanford","Stanford",85,62,"H",111.1,100.4,122.8,54.6,15.9,42.9,27.7,30.43,111.1,100.4,122.8,54.6,15.9,42.9,27.7,30.43
"Detroit MercyWake Forest11-23",2024-11-23,"Wake Forest","Wake Forest",67,57,"H",99.7,94.8,100.2,47.5,7.5,15,21.3,28.57,99.7,94.8,100.2,47.5,7.5,15,21.3,28.57
"DrakeMiami FL11-21",2024-11-21,"Miami FL","Miami FL",69,80,"N",119.2,124.4,112.1,50,14.6,19.2,65.9,38.1,119.2,124.4,112.1,50,14.6,19.2,65.9,38.1
"DukeArizona11-22",2024-11-22,"Duke","Duke",69,55,"A",113.1,72,101.9,50,20.7,35.1,21.3,36,113.1,72,101.9,50,20.7,35.1,21.3,36
"DukeBoston College1-18",2025-01-18,"Duke","Boston College",88,63,"A",122.7,98.2,132.1,59.6,12,33.3,43.9,33.33,118.6,109.5,94.6,50,12,12.9,53.1,33.33
"DukeGeorgia Tech12-21",2024-12-21,"Duke","Georgia Tech",82,56,"A",133.5,90.5,128.3,65.5,15.6,33.3,27.3,40,106.9,108.7,87.6,41.4,15.6,24.3,17.2,35.29
"DukeKansas11-26",2024-11-26,"Duke","Duke",72,75,"N",121.9,102.3,105.7,61.5,23.5,19.2,37.5,42.31,121.9,102.3,105.7,61.5,23.5,19.2,37.5,42.31
"DukeKentucky11-12",2024-11-12,"Duke","Duke",72,77,"N",102.5,83.7,95.7,42.3,9.3,25,23.9,16.67,102.5,83.7,95.7,42.3,9.3,25,23.9,16.67
"DukeLouisville12-8",2024-12-08,"Duke","Louisville",76,65,"A",119.6,89.9,112.9,51.6,10.4,25.7,22.6,26.67,119.9,93.5,96.6,48,22.3,23.5,41.2,35.48
"DukeSMU1-4",2025-01-04,"Duke","SMU",89,62,"A",142.3,89.8,136.4,62.1,10.7,35.5,25.8,40.74,116.9,114.9,95,38.1,10.7,40.4,37.3,23.81
"DukeWake Forest1-25",2025-01-25,"Duke","Wake Forest",63,56,"A",105.1,82.4,93.3,44.7,23.7,35.9,29.8,28.12,97.2,81.4,83,40.2,14.8,11.1,45.1,16.67
"Eastern KentuckyClemson11-12",2024-11-12,"Clemson","Clemson",75,62,"H",105.8,97.3,115.9,51.6,20.1,50,31.1,29.17,105.8,97.3,115.9,51.6,20.1,50,31.1,29.17
"Eastern KentuckyLouisville12-28",2024-12-28,"Louisville","Louisville",78,76,"H",106.6,106.6,112.5,46.1,20.2,50,37.5,30.56,106.6,106.6,112.5,46.1,20.2,50,37.5,30.56
"Eastern KentuckyPittsburgh12-11",2024-12-11,"Pittsburgh","Pittsburgh",96,56,"H",115.8,91.6,136.9,71.3,14.3,25,46.3,47.83,115.8,91.6,136.9,71.3,14.3,25,46.3,47.83
"ElonNorth Carolina11-4",2024-11-04,"North Carolina","North Carolina",90,76,"H",117.1,103.7,120.6,48.1,8,37.5,20,40.62,117.1,103.7,120.6,48.1,8,37.5,20,40.62
"ElonNotre Dame11-22",2024-11-22,"Notre Dame","Notre Dame",77,84,"H",120.6,128.9,120,57.4,9.3,21.9,14.8,41.38,120.6,128.9,120,57.4,9.3,21.9,14.8,41.38
"Fairleigh DickinsonBoston College12-28",2024-12-28,"Boston College","Boston College",78,70,"H",122.1,121.9,127.1,56.4,16.3,42.9,32.7,28.57,122.1,121.9,127.1,56.4,16.3,42.9,32.7,28.57
"Fairleigh DickinsonMiami FL11-4",2024-11-04,"Miami FL","Miami FL",113,72,"H",138.1,111.1,151.7,71.7,10.7,38.5,26.1,41.18,138.1,111.1,151.7,71.7,10.7,38.5,26.1,41.18
"Florida A&MClemson11-29",2024-11-29,"Clemson","Clemson",86,58,"H",111.1,104.1,130,57.5,13.6,39.4,33.3,36,111.1,104.1,130,57.5,13.6,39.4,33.3,36
"Florida A&MSMU11-7",2024-11-07,"SMU","SMU",102,73,"H",115.7,105.6,130.6,60.6,14.1,33.3,40.9,41.67,115.7,105.6,130.6,60.6,14.1,33.3,40.9,41.67
"Florida St.Boston College2-1",2025-02-01,"Florida St.","Boston College",76,77,"A",105.1,102,105.6,44.2,16.7,28.6,75,40,109.6,105.6,107,44.7,11.1,28.9,33.3,40.74
"Florida St.California1-22",2025-01-22,"Florida St.","California",68,77,"A",104.9,110.7,104,43.9,15.3,47.7,6.8,20,121.7,103.1,117.7,42,15.3,53.3,31.9,26.09
"Florida St.Clemson1-11",2025-01-11,"Florida St.","Clemson",57,77,"A",103.4,106.9,91.3,46.9,19.2,24.1,30.6,25,125.7,92.5,123.3,59.5,16,30,17.2,46.43
"Florida St.LSU12-3",2024-12-03,"Florida St.","Florida St.",75,85,"A",114.1,109.9,102.6,43.1,19.1,44,30.6,31.58,114.1,109.9,102.6,43.1,19.1,44,30.6,31.58
"Florida St.Massachusetts11-24",2024-11-24,"Florida St.","Florida St.",92,59,"N",122.9,90,126.8,64.7,13.8,27.6,48.3,50,122.9,90,126.8,64.7,13.8,27.6,48.3,50
"Florida St.Miami FL1-8",2025-01-08,"Florida St.","Miami FL",80,65,"A",100.4,83.7,109.5,57.8,13.7,21.9,17.2,41.67,93.9,106.5,88.9,40.8,17.8,23.8,38.3,23.81
"Florida St.N.C. State12-7",2024-12-07,"Florida St.","Florida St.",74,84,"A",115.6,114.5,106.8,45.4,18.8,32.4,53.7,18.75,115.6,114.5,106.8,45.4,18.8,32.4,53.7,18.75
"Florida St.Rice11-9",2024-11-09,"Florida St.","Florida St.",73,65,"N",101.1,91.8,102.2,47.2,18.2,30.6,63,26.32,101.1,91.8,102.2,47.2,18.2,30.6,63,26.32
"Florida St.Stanford1-25",2025-01-25,"Florida St.","Stanford",71,78,"A",106.7,106.4,103.4,43.1,18.9,40.5,48.3,30,120.6,99.7,113.6,57.3,20.4,35.5,38.2,47.83
"Florida St.Temple11-22",2024-11-22,"Florida St.","Florida St.",78,69,"N",103.5,91.4,105.7,51.6,20.3,37.1,39.3,36.84,103.5,91.4,105.7,51.6,20.3,37.1,39.3,36.84
"Florida St.Tulane12-14",2024-12-14,"Florida St.","Florida St.",77,64,"N",117.3,90.6,111.2,55.8,15.9,7.4,81.4,35.29,117.3,90.6,111.2,55.8,15.9,7.4,81.4,35.29
"FloridaFlorida St.11-15",2024-11-15,"Florida St.","Florida St.",74,87,"H",111.6,102.8,99.3,43.6,10.7,29.2,30,35,111.6,102.8,99.3,43.6,10.7,29.2,30,35
"FloridaNorth Carolina12-17",2024-12-17,"North Carolina","North Carolina",84,90,"N",120.6,100.7,107.1,49.3,12.8,30.2,26.4,17.86,120.6,100.7,107.1,49.3,12.8,30.2,26.4,17.86
"FloridaWake Forest11-28",2024-11-28,"Wake Forest","Wake Forest",58,75,"N",103.7,92.2,86,40.2,19.3,21.6,26.8,15,103.7,92.2,86,40.2,19.3,21.6,26.8,15
"Gardner WebbPittsburgh11-11",2024-11-11,"Pittsburgh","Pittsburgh",83,64,"H",110.3,89.2,113.5,53.8,12.3,27,22.7,30,110.3,89.2,113.5,53.8,12.3,27,22.7,30
"George MasonDuke12-17",2024-12-17,"Duke","Duke",68,47,"H",120,78.8,108.1,45.5,15.9,37.8,37.5,33.33,120,78.8,108.1,45.5,15.9,37.8,37.5,33.33
"GeorgetownSyracuse12-14",2024-12-14,"Syracuse","Syracuse",71,75,"H",115.3,112.7,104.4,46.3,14.7,29.4,53.7,25,115.3,112.7,104.4,46.3,14.7,29.4,53.7,25
"Georgia TechFlorida St.1-18",2025-01-18,"Georgia Tech","Florida St.",78,91,"A",115,121.1,108,50.8,16.6,27,40,31.03,132.1,109.3,126,59,11.1,35.3,25.4,33.33
"Georgia TechNorth Carolina12-7",2024-12-07,"Georgia Tech","North Carolina",65,68,"A",93.1,80.5,85.3,37.5,18.4,23.9,37.5,29.63,92.2,87.8,89.3,43.2,23.6,33.3,35.6,20.83
"Georgia TechNorthwestern12-15",2024-12-15,"Georgia Tech","Georgia Tech",60,71,"N",89.9,98.1,85.9,45.5,22.9,22.9,23.2,29.17,89.9,98.1,85.9,45.5,22.9,22.9,23.2,29.17
"Georgia TechNotre Dame1-28",2025-01-28,"Georgia Tech","Notre Dame",68,71,"A",113.8,101.1,109,53.6,12.8,20,20,31.25,115.9,113.8,113.8,56.6,16,25.8,30.2,43.48
"Georgia TechOklahoma12-3",2024-12-03,"Georgia Tech","Georgia Tech",61,76,"A",106.4,97.1,94,46.2,16.9,20,34,26.32,106.4,97.1,94,46.2,16.9,20,34,26.32
"Georgia TechSMU1-11",2025-01-11,"Georgia Tech","SMU",71,93,"A",95.6,116.3,94.2,53.4,29.2,31.4,23.7,39.13,134.5,90.3,123.4,60,13.3,33.3,21.4,50
"Georgia TechSyracuse1-7",2025-01-07,"Georgia Tech","Syracuse",55,62,"A",78.3,82.9,76.1,39.4,18,25.5,16.7,19.05,88.8,78.2,85.8,44.4,24.9,32.5,14.3,20
"GeorgiaGeorgia Tech11-15",2024-11-15,"Georgia Tech","Georgia Tech",69,77,"H",102.1,98.5,91.9,41.3,17.3,24.4,34.9,26.09,102.1,98.5,91.9,41.3,17.3,24.4,34.9,26.09
"Grand CanyonStanford11-26",2024-11-26,"Stanford","Stanford",71,78,"N",106.2,100.6,95.2,41.3,17.4,31.6,38.1,18.18,106.2,100.6,95.2,41.3,17.4,31.6,38.1,18.18
"HofstraFlorida St.11-19",2024-11-19,"Florida St.","Florida St.",79,61,"H",117.9,99.6,114.3,53.5,17.4,31.2,40.4,34.62,117.9,99.6,114.3,53.5,17.4,31.2,40.4,34.62
"Holy CrossVirginia11-29",2024-11-29,"Virginia","Virginia",67,41,"H",102.7,78.5,116.4,51.8,10.4,28.1,21.8,36,102.7,78.5,116.4,51.8,10.4,28.1,21.8,36
"HoustonNotre Dame11-27",2024-11-27,"Notre Dame","Notre Dame",54,65,"N",111.5,90.2,88.6,45.9,19.7,22.6,28.6,33.33,111.5,90.2,88.6,45.9,19.7,22.6,28.6,33.33
"Incarnate WordDuke12-10",2024-12-10,"Duke","Duke",72,46,"H",103,80.2,116.4,50.9,21,47.1,38.2,32,103,80.2,116.4,50.9,21,47.1,38.2,32
"IndianaLouisville11-27",2024-11-27,"Louisville","Louisville",89,61,"N",126.8,83.3,123.3,64.6,20.8,37.9,10.8,37.04,126.8,83.3,123.3,64.6,20.8,37.9,10.8,37.04
"JacksonvilleVirginia Tech11-20",2024-11-20,"Virginia Tech","Virginia Tech",64,74,"H",99.5,109.2,92.6,46.4,23.1,33.3,35.7,33.33,99.5,109.2,92.6,46.4,23.1,33.3,35.7,33.33
"James MadisonWake Forest12-17",2024-12-17,"Wake Forest","Wake Forest",75,58,"H",116.6,102.8,125.6,55.8,15.1,46.9,21.7,29.17,116.6,102.8,125.6,55.8,15.1,46.9,21.7,29.17
"KentuckyClemson12-3",2024-12-03,"Clemson","Clemson",70,66,"H",105.3,83.6,103.3,43.1,11.8,34.1,29.2,32,105.3,83.6,103.3,43.1,11.8,34.1,29.2,32
"LSUPittsburgh11-22",2024-11-22,"Pittsburgh","Pittsburgh",74,63,"N",117.6,91.5,109.7,50.9,19.3,36.4,40.7,29.17,117.6,91.5,109.7,50.9,19.3,36.4,40.7,29.17
"LSUSMU12-14",2024-12-14,"SMU","SMU",74,64,"N",106,89,101.7,50,20.6,35.1,38.3,37.5,106,89,101.7,50,20.6,35.1,38.3,37.5
"La SalleNorth Carolina12-14",2024-12-14,"North Carolina","North Carolina",93,67,"H",118.7,93.9,121.4,61.2,14.4,35.3,34.3,32.26,118.7,93.9,121.4,61.2,14.4,35.3,34.3,32.26
"Le MoyneNotre Dame12-22",2024-12-22,"Notre Dame","Notre Dame",91,62,"H",112.4,95.9,129.3,56,14.2,40,55.2,37.5,112.4,95.9,129.3,56,14.2,40,55.2,37.5
"Le MoyneSyracuse11-4",2024-11-04,"Syracuse","Syracuse",86,82,"H",96.5,115,111.2,45.8,14.2,44.4,43.1,18.18,96.5,115,111.2,45.8,14.2,44.4,43.1,18.18
"LongwoodSMU12-29",2024-12-29,"SMU","SMU",98,82,"H",120.8,109.6,127.8,72,26.1,34.8,62,50,120.8,109.6,127.8,72,26.1,34.8,62,50
"LouisvilleFlorida St.12-21",2024-12-21,"Louisville","Florida St.",90,76,"A",140.5,108.8,132.8,64.5,10.3,20,41.8,51.72,123.6,118.3,112.1,60,13.3,11.1,25.5,40
"LouisvilleGeorgia Tech2-1",2025-02-01,"Louisville","Georgia Tech",70,77,"A",108.5,103.4,97.8,53.6,19.6,24.1,34.5,36,112.9,91.6,107.6,54,12.6,21.6,27,33.33
"LouisvilleKentucky12-14",2024-12-14,"Louisville","Louisville",85,93,"A",121.8,106.6,116.5,54.3,9.6,22.7,20,35.9,121.8,106.6,116.5,54.3,9.6,22.7,20,35.9
"LouisvilleOklahoma11-29",2024-11-29,"Louisville","Louisville",64,69,"N",107.1,97.5,102,43.7,22.3,52.5,25.4,21.88,107.1,97.5,102,43.7,22.3,52.5,25.4,21.88
"LouisvillePittsburgh1-11",2025-01-11,"Louisville","Pittsburgh",82,78,"A",122.1,102.5,118.3,55.1,15.9,39.5,22.1,37.14,123.4,105.8,112.6,52.7,13,15.6,40,47.62
"LouisvilleSMU1-21",2025-01-21,"Louisville","SMU",98,73,"A",159.4,96.2,145.8,60.4,10.4,43.2,28.4,45.24,115.7,133.5,108.6,45.6,16.4,32.4,42.1,33.33
"LouisvilleSyracuse1-14",2025-01-14,"Louisville","Syracuse",85,61,"A",123.1,87.8,122.7,59.7,14.4,25.8,17.7,42.86,97.8,109,88.1,46.7,20.2,23.7,15,32
"LouisvilleVirginia1-4",2025-01-04,"Louisville","Virginia",70,50,"A",117.7,86.2,117.2,50,15.1,42.4,24.6,36.84,96.4,101.1,83.7,41.7,16.7,17.6,11.1,19.23
"LouisvilleWest Virginia11-28",2024-11-28,"Louisville","Louisville",79,70,"N",119.9,95.4,108.7,48.2,20.6,35.9,57.9,25,119.9,95.4,108.7,48.2,20.6,35.9,57.9,25
"Loyola MDBoston College11-19",2024-11-19,"Boston College","Boston College",82,61,"H",111.9,104.6,125.6,49.3,12.3,50,19.4,52.38,111.9,104.6,125.6,49.3,12.3,50,19.4,52.38
"MaineDuke11-4",2024-11-04,"Duke","Duke",96,62,"H",127.7,96.9,130.6,64.3,17.7,35.5,31.7,37.93,127.7,96.9,130.6,64.3,17.7,35.5,31.7,37.93
"ManhattanVirginia11-26",2024-11-26,"Virginia","Virginia",74,65,"H",111.5,103.9,119.5,59.3,12.9,25,27.8,42.86,111.5,103.9,119.5,59.3,12.9,25,27.8,42.86
"MarylandSyracuse12-21",2024-12-21,"Syracuse","Syracuse",60,87,"N",90.6,103.7,80.6,50,28.2,18.2,3.4,50,90.6,103.7,80.6,50,28.2,18.2,3.4,50
"MemphisClemson12-14",2024-12-14,"Clemson","Clemson",82,87,"H",118.7,112.2,109.9,52.2,17.4,33.3,22.4,32.26,118.7,112.2,109.9,52.2,17.4,33.3,22.4,32.26
"MemphisVirginia12-18",2024-12-18,"Virginia","Virginia",62,64,"H",106.9,95,97.2,45.3,17.3,27.3,34,31.58,106.9,95,97.2,45.3,17.3,27.3,34,31.58
"MercyhurstCalifornia11-27",2024-11-27,"California","California",81,55,"H",111.2,97.6,124.5,65.1,21.5,37,34,52.38,111.2,97.6,124.5,65.1,21.5,37,34,52.38
"MerrimackStanford12-17",2024-12-17,"Stanford","Stanford",74,68,"H",117.5,105.9,110,54.5,16.3,29.7,35.7,47.83,117.5,105.9,110,54.5,16.3,29.7,35.7,47.83
"Miami FLBoston College1-1",2025-01-01,"Miami FL","Boston College",68,78,"A",96.7,98.2,93.2,42.8,15.1,30.2,20.3,21.74,91,94.6,106.8,50.9,19.2,32.3,46.4,38.46
"Miami FLCalifornia1-25",2025-01-25,"Miami FL","California",94,98,"A",119.6,119.9,120.5,55.9,7.7,18.4,30.9,51.85,113.7,114.5,125.6,56.3,11.5,27,57.1,32.14
"Miami FLDuke1-14",2025-01-14,"Miami FL","Duke",54,89,"A",106.6,117.2,85.5,44.1,12.7,13.9,3.4,30,124.3,84.5,141,68.5,15.8,41.4,11.3,53.12
"Miami FLOklahoma St.11-22",2024-11-22,"Miami FL","Miami FL",74,80,"N",111.6,127.8,112.2,50,19.7,39.4,36.2,25,111.6,127.8,112.2,50,19.7,39.4,36.2,25
"Miami FLStanford1-22",2025-01-22,"Miami FL","Stanford",51,88,"A",80.7,110.5,72.2,36.8,21.2,22.5,28.1,13.33,108,73.4,124.6,60.8,15.6,32.4,18.5,37.93
"Miami FLTennessee12-10",2024-12-10,"Miami FL","Miami FL",62,75,"N",111.5,103,91.6,45.9,20.7,26.8,16.4,24.24,111.5,103,91.6,45.9,20.7,26.8,16.4,24.24
"Miami FLVCU11-24",2024-11-24,"Miami FL","Miami FL",70,77,"N",119.1,117.4,110.1,45,14.2,36.8,31.7,26.09,119.1,117.4,110.1,45,14.2,36.8,31.7,26.09
"Miami FLVirginia Tech1-4",2025-01-04,"Miami FL","Virginia Tech",85,86,"A",128.6,120.8,126.7,66.1,16.4,28,30.4,47.06,114.7,121.8,128.2,61.9,16.4,40.7,25.4,45
"Michigan St.North Carolina11-27",2024-11-27,"North Carolina","North Carolina",91,94,"N",126.5,108.4,114,58.6,13.8,14.7,32.8,47.83,126.5,108.4,114,58.6,13.8,14.7,32.8,47.83
"MichiganVirginia Tech11-25",2024-11-25,"Virginia Tech","Virginia Tech",63,75,"N",105.3,91.7,90.1,37.9,27.2,46.2,41.4,23.53,105.3,91.7,90.1,37.9,27.2,46.2,41.4,23.53
"MichiganWake Forest11-10",2024-11-10,"Wake Forest","Wake Forest",72,70,"N",115,92.7,105,51.8,19,32.4,33.9,30,115,92.7,105,51.8,19,32.4,33.9,30
"MinnesotaWake Forest11-29",2024-11-29,"Wake Forest","Wake Forest",57,51,"N",95.5,82.9,93.7,40.6,21.4,40.6,30.2,6.67,95.5,82.9,93.7,40.6,21.4,40.6,30.2,6.67
"Mississippi St.SMU11-22",2024-11-22,"SMU","SMU",79,84,"H",122.4,105.1,112,59.6,18.4,22.2,72.3,34.78,122.4,105.1,112,59.6,18.4,22.2,72.3,34.78
"MississippiLouisville12-3",2024-12-03,"Louisville","Louisville",63,86,"H",107.7,117.6,93.7,37.7,17.9,40.5,52.6,16.67,107.7,117.6,93.7,37.7,17.9,40.5,52.6,16.67
"Morehead St.Louisville11-4",2024-11-04,"Louisville","Louisville",93,45,"H",113.6,71.5,124.7,52.8,6.7,29.8,39.4,30.56,113.6,71.5,124.7,52.8,6.7,29.8,39.4,30.56
"Mount St. Mary'sMiami FL12-21",2024-12-21,"Miami FL","Miami FL",74,78,"H",94.3,105.9,95,44.2,19.3,31,21.7,20,94.3,105.9,95,44.2,19.3,31,21.7,20
"Murray St.Pittsburgh11-8",2024-11-08,"Pittsburgh","Pittsburgh",83,68,"H",113.4,103.6,119.7,58.5,13,28.1,62.3,42.11,113.4,103.6,119.7,58.5,13,28.1,62.3,42.11
"N.C. StateDuke1-27",2025-01-27,"Duke","Duke",74,64,"H",108,97.7,109.1,42.4,14.7,42.9,47.5,20,108,97.7,109.1,42.4,14.7,42.9,47.5,20
"N.C. StateVirginia Tech1-15",2025-01-15,"Virginia Tech","Virginia Tech",79,76,"H",126.2,122,125.2,55.1,19,48.4,28.8,50,126.2,122,125.2,55.1,19,48.4,28.8,50
"N.C. StateVirginia12-31",2024-12-31,"Virginia","Virginia",70,67,"H",121.4,115.5,119.8,63.5,12,12.5,25,45,121.4,115.5,119.8,63.5,12,12.5,25,45
"N.C. StateWake Forest1-4",2025-01-04,"Wake Forest","Wake Forest",77,59,"H",123,93.8,121.3,60.8,17.3,33.3,37.3,37.5,123,93.8,121.3,60.8,17.3,33.3,37.3,37.5
"NavyVirginia Tech12-15",2024-12-15,"Virginia Tech","Virginia Tech",80,72,"H",122.6,128,132.1,62.7,16.5,34.8,35.3,55.56,122.6,128,132.1,62.7,16.5,34.8,35.3,55.56
"Norfolk St.Stanford11-20",2024-11-20,"Stanford","Stanford",70,63,"H",107.2,99,110.4,41.1,9.5,39.1,66.1,23.53,107.2,99,110.4,41.1,9.5,39.1,66.1,23.53
"North Carolina A&TVirginia Tech12-12",2024-12-12,"Virginia Tech","Virginia Tech",95,67,"H",110.8,97.7,124.3,60,20.9,43.2,22.9,38.89,110.8,97.7,124.3,60,20.9,43.2,22.9,38.89
"North Carolina A&TWake Forest11-7",2024-11-07,"Wake Forest","Wake Forest",80,64,"H",88.6,88.2,99.3,48.4,23.6,30.3,35.5,24,88.6,88.2,99.3,48.4,23.6,30.3,35.5,24
"North CarolinaDuke2-1",2025-02-01,"North Carolina","Duke",70,87,"A",123.1,119,108.1,53.6,21.6,38.7,25.5,36.84,147.7,95.5,134.3,62.3,12.4,26.9,47.2,50
"North CarolinaHawaii11-22",2024-11-22,"North Carolina","North Carolina",87,69,"A",128.7,101.8,127.4,56.5,7.3,16.7,63,33.33,128.7,101.8,127.4,56.5,7.3,16.7,63,33.33
"North CarolinaKansas11-8",2024-11-08,"North Carolina","North Carolina",89,92,"A",133.9,109.4,115,48.4,14.2,27,49.2,30.43,133.9,109.4,115,48.4,14.2,27,49.2,30.43
"North CarolinaLouisville1-1",2025-01-01,"North Carolina","Louisville",70,83,"A",107.5,96.4,94.3,43.3,14.8,17.5,38.3,25,115.3,90.3,111.8,50,9.4,25,67.2,23.08
"North CarolinaN.C. State1-11",2025-01-11,"North Carolina","North Carolina",63,61,"A",106.6,91.9,99.6,49.2,19,37.1,13.3,36.84,106.6,91.9,99.6,49.2,19,37.1,13.3,36.84
"North CarolinaNotre Dame1-4",2025-01-04,"North Carolina","Notre Dame",74,73,"A",113,96.6,109.2,58.8,19.2,20,35.3,28.57,111.8,103.5,107.7,50,19.2,32.4,36.8,30.43
"North CarolinaPittsburgh1-28",2025-01-28,"North Carolina","Pittsburgh",65,73,"A",107.2,96.1,98.7,50,21.2,31.2,15.3,29.17,112.3,96.1,110.8,51.8,9.1,17.6,36.4,34.62
"North CarolinaUCLA12-21",2024-12-21,"North Carolina","North Carolina",76,74,"N",116,96.3,105.5,55.3,25,30,74.5,34.78,116,96.3,105.5,55.3,25,30,74.5,34.78
"North CarolinaWake Forest1-21",2025-01-21,"North Carolina","Wake Forest",66,67,"A",102.5,91.1,90.7,46.2,16.5,20.5,15.4,25,96.4,85.2,92,41.8,19.2,28.6,49.1,13.33
"North DakotaNotre Dame11-19",2024-11-19,"Notre Dame","Notre Dame",75,58,"H",97.8,85.5,110.7,54,10.3,22.6,16.1,17.65,97.8,85.5,110.7,54,10.3,22.6,16.1,17.65
"North FloridaGeorgia Tech11-10",2024-11-10,"Georgia Tech","Georgia Tech",93,105,"H",101.7,123.1,113.8,55.1,12.2,29.5,15.2,44.83,101.7,123.1,113.8,55.1,12.2,29.5,15.2,44.83
"Northern ArizonaStanford11-12",2024-11-12,"Stanford","Stanford",90,64,"H",136.4,113.8,147.1,66.7,9.8,41.7,28.1,52.17,136.4,113.8,147.1,66.7,9.8,41.7,28.1,52.17
"Northern KentuckyFlorida St.11-4",2024-11-04,"Florida St.","Florida St.",74,62,"H",95.2,88,96.4,47.6,15.6,18.9,28.6,18.18,95.2,88,96.4,47.6,15.6,18.9,28.6,18.18
"Northwestern St.California12-14",2024-12-14,"California","California",84,66,"H",124.9,114.5,130.7,64.2,20.2,37.9,39.6,48,124.9,114.5,130.7,64.2,20.2,37.9,39.6,48
"Notre DameDuke1-11",2025-01-11,"Notre Dame","Duke",78,86,"A",140.3,116.6,120.7,59.6,10.8,15.6,28.1,58.33,136.6,108.7,133.1,62.2,12.4,30.4,77.8,33.33
"Notre DameGeorgetown11-16",2024-11-16,"Notre Dame","Notre Dame",84,63,"A",144.7,100.6,130.9,67.6,18.7,34.8,22.2,42.86,144.7,100.6,130.9,67.6,18.7,34.8,22.2,42.86
"Notre DameGeorgia Tech12-31",2024-12-31,"Notre Dame","Georgia Tech",75,86,"A",123.1,134.6,116.7,50.8,15.6,40,22.6,42.86,134.7,107.4,133.8,64.2,12.4,37.5,47.2,40
"Notre DameGeorgia12-3",2024-12-03,"Notre Dame","Notre Dame",48,69,"A",98.2,105.7,81.7,40.4,17,21.2,17.3,21.05,98.2,105.7,81.7,40.4,17,21.2,17.3,21.05
"Notre DameMiami FL2-1",2025-02-01,"Notre Dame","Miami FL",57,63,"A",95.5,97.5,98.8,50.9,20.8,34.4,16.7,37.5,104.1,96.5,109.2,50,10.4,28.6,34,22.22
"Notre DameN.C. State1-8",2025-01-08,"Notre Dame","Notre Dame",65,66,"A",115.6,104.4,108,53.8,16.6,26.7,25,42.11,115.6,104.4,108,53.8,16.6,26.7,25,42.11
"Notre DameRutgers11-26",2024-11-26,"Notre Dame","Notre Dame",84,85,"N",119.9,108,114.7,54.5,19.1,37.8,22.7,42.42,119.9,108,114.7,54.5,19.1,37.8,22.7,42.42
"Notre DameSyracuse1-18",2025-01-18,"Notre Dame","Syracuse",69,77,"A",106.5,101.9,98.8,46.5,18.6,32.4,31.6,35.71,104,97.4,110.2,48.3,12.9,25.6,58.6,33.33
"Notre DameVirginia1-25",2025-01-25,"Notre Dame","Virginia",74,59,"A",134.9,96.8,126.9,58.9,12,33.3,19.6,52.17,99.2,119.8,101.2,49.1,10.3,19.4,8.8,43.48
"OregonStanford12-21",2024-12-21,"Stanford","Stanford",61,76,"N",94.4,104.7,89.7,43.5,13.2,23.8,21,26.67,94.4,104.7,89.7,43.5,13.2,23.8,21,26.67
"Penn St.Virginia Tech11-15",2024-11-15,"Virginia Tech","Virginia Tech",64,86,"N",93.3,108.4,87.3,50,32.7,32.1,57.8,27.78,93.3,108.4,87.3,50,32.7,32.1,57.8,27.78
"PittsburghDuke1-7",2025-01-07,"Pittsburgh","Duke",47,76,"A",95.2,94.4,72.7,36.2,17,22,13.8,30,112.9,73.1,117.5,60.6,21.6,34.6,34.6,55
"PittsburghFlorida St.1-15",2025-01-15,"Pittsburgh","Florida St.",70,82,"A",97.1,99.5,89.7,44.6,21.8,17.1,39.3,38.1,105.8,83.8,105,48.2,19.2,24.2,58.9,31.58
"PittsburghMississippi St.12-4",2024-12-04,"Pittsburgh","Pittsburgh",57,90,"A",94.8,114.9,84.2,37.5,16.3,29.8,20.3,30.77,94.8,114.9,84.2,37.5,16.3,29.8,20.3,30.77
"PittsburghOhio St.11-29",2024-11-29,"Pittsburgh","Pittsburgh",91,90,"A",132.4,109.8,120.5,50.7,14.6,43.2,44.8,33.33,132.4,109.8,120.5,50.7,14.6,43.2,44.8,33.33
"PittsburghSyracuse1-25",2025-01-25,"Pittsburgh","Syracuse",77,73,"A",120.1,111.5,119.2,50.8,4.6,24.3,34.4,33.33,116.4,108.9,113,48.5,17,47.6,19.4,34.38
"PittsburghVirginia Tech12-7",2024-12-07,"Pittsburgh","Virginia Tech",64,59,"A",96.1,89.1,98.4,46.4,18.5,29,21.4,21.43,95.3,88.2,90.8,50.9,26.1,26.7,13.2,32
"PittsburghWake Forest2-1",2025-02-01,"Pittsburgh","Wake Forest",74,76,"A",127.3,117.1,113.9,48.2,12.3,25,35.7,33.33,119.6,104.7,117,60.9,16.9,13,47.8,42.11
"PittsburghWisconsin11-24",2024-11-24,"Pittsburgh","Pittsburgh",75,81,"N",122.6,98.5,109.8,54.2,11.7,17.2,21.7,21.74,122.6,98.5,109.8,54.2,11.7,17.2,21.7,21.74
"Prairie View A&MSMU11-18",2024-11-18,"SMU","SMU",110,69,"H",114.9,103,136.1,58.1,17.3,56.1,41.9,48,114.9,103,136.1,58.1,17.3,56.1,41.9,48
"PresbyterianMiami FL12-15",2024-12-15,"Miami FL","Miami FL",94,75,"H",134.9,120.9,146.7,74,14,30,42.3,50,134.9,120.9,146.7,74,14,30,42.3,50
"RadfordClemson11-21",2024-11-21,"Clemson","Clemson",79,51,"H",113.1,82.9,123,62.2,17.1,23.1,44.9,47.83,113.1,82.9,123,62.2,17.1,23.1,44.9,47.83
"RadfordPittsburgh11-4",2024-11-04,"Pittsburgh","Pittsburgh",96,56,"H",121.6,86.4,135.7,61.5,11.3,33.3,32.3,34.78,121.6,86.4,135.7,61.5,11.3,33.3,32.3,34.78
"SMUBoston College12-21",2024-12-21,"SMU","Boston College",103,77,"A",133,112.1,143.9,73.7,14,34.8,33.9,68.75,121.2,126,107.6,43.4,22.4,46.5,54.1,41.18
"SMUButler11-15",2024-11-15,"SMU","SMU",70,81,"A",105.3,105.7,100.8,43.8,15.8,40.5,27.7,33.33,105.3,105.7,100.8,43.8,15.8,40.5,27.7,33.33
"SMUMiami FL1-18",2025-01-18,"SMU","Miami FL",117,74,"A",153.4,100.4,167.7,80,11.5,54.5,26.2,56,113.4,153.6,106.1,50,17.2,25,39.3,28.57
"SMUN.C. State1-25",2025-01-25,"SMU","SMU",63,57,"A",102.5,84.2,96.7,49.1,23,30,22.6,37.5,102.5,84.2,96.7,49.1,23,30,22.6,37.5
"SMUNorth Carolina1-7",2025-01-07,"SMU","North Carolina",67,82,"A",94.1,101.2,89.1,36.2,14.6,31.9,30.4,22.22,116.8,80.6,109.1,57,18.6,21.2,42.1,50
"SMUVirginia1-15",2025-01-15,"SMU","Virginia",54,52,"A",94,81.2,88.2,48.1,19.6,24.2,13.2,23.81,88,82.7,84.9,38.5,13.1,13.9,28.8,15.38
"SMUWashington St.11-27",2024-11-27,"SMU","SMU",77,60,"N",118.3,97.3,122.1,46.2,14.3,56.4,28.8,33.33,118.3,97.3,122.1,46.2,14.3,56.4,28.8,33.33
"Sacramento St.California11-24",2024-11-24,"California","California",83,77,"H",108.9,123.2,116.2,53.8,18.2,35.1,73.6,26.92,108.9,123.2,116.2,53.8,18.2,35.1,73.6,26.92
"Saint FrancisClemson11-8",2024-11-08,"Clemson","Clemson",88,62,"H",113.4,94.8,122.5,69.6,22.3,32,30.4,44.44,113.4,94.8,122.5,69.6,22.3,32,30.4,44.44
"Saint Joseph'sVirginia Tech12-21",2024-12-21,"Virginia Tech","Virginia Tech",62,82,"N",104.1,117,93.4,47.2,18.1,16.7,24.1,31.82,104.1,117,93.4,47.2,18.1,16.7,24.1,31.82
"Sam Houston St.Pittsburgh12-21",2024-12-21,"Pittsburgh","Pittsburgh",110,78,"H",139.2,110,151.3,70.8,13.8,40,35.4,51.61,139.2,110,151.3,70.8,13.8,40,35.4,51.61
"SeattleDuke11-29",2024-11-29,"Duke","Duke",70,48,"H",101.4,74.1,103.1,48.3,19.2,30.8,32.8,27.78,101.4,74.1,103.1,48.3,19.2,30.8,32.8,27.78
"South CarolinaBoston College12-3",2024-12-03,"Boston College","Boston College",51,73,"H",85.2,109.6,77.6,35.1,16.7,26.2,31.6,12.5,85.2,109.6,77.6,35.1,16.7,26.2,31.6,12.5
"South CarolinaVirginia Tech11-27",2024-11-27,"Virginia Tech","Virginia Tech",60,70,"N",103,110,95,45.8,14.3,24.3,15.3,44.44,103,110,95,45.8,14.3,24.3,15.3,44.44
"St. John'sVirginia11-22",2024-11-22,"Virginia","Virginia",55,80,"N",107.5,120.6,87.8,50,25.5,20.7,40,32.14,107.5,120.6,87.8,50,25.5,20.7,40,32.14
"StanfordCalifornia12-7",2024-12-07,"Stanford","California",89,81,"A",138.3,112.8,134.7,62.3,10.6,26.9,35.1,47.83,121.5,131.1,122.6,47.9,10.6,47.6,22.5,38.1
"StanfordClemson1-1",2025-01-01,"Stanford","Clemson",71,85,"A",117,106,102.8,49.2,24.6,40,19.7,30,122,100.9,123.1,55.2,14.5,33.3,41.4,42.11
"StanfordNorth Carolina1-18",2025-01-18,"Stanford","North Carolina",72,71,"A",116.1,97.9,108.2,49.2,12,21.2,23.3,31.82,110.1,101.6,106.7,47.2,7.5,16.7,44.4,27.78
"StanfordPittsburgh1-4",2025-01-04,"Stanford","Pittsburgh",68,83,"A",109.5,110.8,102.7,44.1,16.6,27.3,51,32.14,125.8,99.3,125.3,62.7,22.6,41.7,27.3,36.84
"StanfordSMU2-1",2025-02-01,"Stanford","SMU",61,85,"A",94.3,111.6,88.2,37.7,20.2,41.3,14.5,22.22,126.6,82.7,122.9,63.8,14.5,22.6,31,50
"StanfordSanta Clara11-23",2024-11-23,"Stanford","Stanford",71,69,"A",105,91,101.2,48.4,17.1,35.7,33.3,38.46,105,91,101.2,48.4,17.1,35.7,33.3,38.46
"StanfordWake Forest1-15",2025-01-15,"Stanford","Wake Forest",67,80,"A",118.9,113,100,51.9,19.4,22.2,25.9,33.33,116.2,100,119.4,52.6,9,29,41.4,27.27
"StonehillBoston College12-15",2024-12-15,"Boston College","Boston College",73,69,"H",111.3,118,118.3,54.3,14.6,40,20.7,29.41,111.3,118,118.3,54.3,14.6,40,20.7,29.41
"StonehillNotre Dame11-6",2024-11-06,"Notre Dame","Notre Dame",89,60,"H",118.9,97.5,130.9,59.8,20.6,51.5,36.1,47.83,118.9,97.5,130.9,59.8,20.6,51.5,36.1,47.83
"SyracuseBoston College1-11",2025-01-11,"Syracuse","Boston College",79,71,"A",112.7,105.5,118,53.4,7.5,23.5,37.3,33.33,107.9,115.3,106,46.8,9,26.3,32.3,25
"SyracuseCalifornia2-1",2025-02-01,"Syracuse","California",75,66,"A",117.1,91.8,113.9,53.7,19.7,35.5,37,50,96.1,117.3,100.2,33.3,9.1,35.4,47.6,17.14
"SyracuseClemson1-22",2025-01-22,"Syracuse","Clemson",72,86,"A",121.1,121.6,112.7,64.4,21.9,20,11.5,52.38,135.9,110.4,134.6,64.5,11,29.6,38.2,45
"SyracuseFlorida St.1-4",2025-01-04,"Syracuse","Florida St.",74,90,"A",116.3,119,105.1,52.5,19.9,27,28.8,40,123.8,108.3,127.8,59.8,11.4,27.3,55.4,38.89
"SyracuseNotre Dame12-7",2024-12-07,"Syracuse","Notre Dame",64,69,"A",96,92,94,47.1,19.1,21.9,47.1,0,100.5,94,101.3,53.1,22,27.3,55.1,36.36
"SyracuseStanford1-29",2025-01-29,"Syracuse","Stanford",61,70,"A",94.9,102.9,94.1,53.1,21.6,17.2,28.6,31.58,111,90.3,108,50.9,13.9,22.6,35.2,30.43
"SyracuseTennessee12-3",2024-12-03,"Syracuse","Syracuse",70,96,"A",127.7,121.9,99.7,54.7,15.7,15.6,39.6,31.58,127.7,121.9,99.7,54.7,15.7,15.6,39.6,31.58
"SyracuseTexas Tech11-22",2024-11-22,"Syracuse","Syracuse",74,79,"N",120.3,100.2,109.4,47.2,17.7,32.3,52.8,28.57,120.3,100.2,109.4,47.2,17.7,32.3,52.8,28.57
"SyracuseTexas11-21",2024-11-21,"Syracuse","Syracuse",66,70,"N",102.8,96.2,97.6,50,16.3,22.9,31.6,23.81,102.8,96.2,97.6,50,16.3,22.9,31.6,23.81
"Tarleton St.Florida St.11-12",2024-11-12,"Florida St.","Florida St.",72,52,"H",99.2,85,99.1,49,23.4,37.9,77.6,19.05,99.2,85,99.1,49,23.4,37.9,77.6,19.05
"Tarleton St.SMU11-4",2024-11-04,"SMU","SMU",96,62,"H",133,96.8,129.9,62.7,17.6,39.4,34.9,42.31,133,96.8,129.9,62.7,17.6,39.4,34.9,42.31
"TempleBoston College11-15",2024-11-15,"Boston College","Boston College",72,69,"H",108.4,103.6,110.7,48.4,12.3,34.2,32.8,35,108.4,103.6,110.7,48.4,12.3,34.2,32.8,35
"TennesseeLouisville11-9",2024-11-09,"Louisville","Louisville",55,77,"H",99.1,107.2,81.8,35,22.3,31.7,21.7,25.64,99.1,107.2,81.8,35,22.3,31.7,21.7,25.64
"TennesseeVirginia11-21",2024-11-21,"Virginia","Virginia",42,64,"N",92,92.5,69.4,34.7,29.8,30.6,22.4,30,92,92.5,69.4,34.7,29.8,30.6,22.4,30
"Texas SouthernGeorgia Tech11-12",2024-11-12,"Georgia Tech","Georgia Tech",81,62,"H",108.6,90.8,109,47.4,18.8,34.1,58.6,30.56,108.6,90.8,109,47.4,18.8,34.1,58.6,30.56
"The CitadelBoston College11-4",2024-11-04,"Boston College","Boston College",69,60,"H",92.4,102.3,101.3,43.5,20.6,37.8,51.9,27.78,92.4,102.3,101.3,43.5,20.6,37.8,51.9,27.78
"UC DavisStanford11-17",2024-11-17,"Stanford","Stanford",79,65,"H",113.7,99.3,109,43.3,13.8,37.2,37.3,28.57,113.7,99.3,109,43.3,13.8,37.2,37.3,28.57
"UMBCGeorgia Tech12-18",2024-12-18,"Georgia Tech","Georgia Tech",91,82,"H",111.9,108.1,121.5,59,18.7,40,47.5,50,111.9,108.1,121.5,59,18.7,40,47.5,50
"UNC GreensboroSMU11-11",2024-11-11,"SMU","SMU",81,68,"H",107.6,95.4,110.4,47.6,15,33.3,47.6,26.09,107.6,95.4,110.4,47.6,15,33.3,47.6,26.09
"USC UpstateVirginia Tech11-8",2024-11-08,"Virginia Tech","Virginia Tech",93,74,"H",111.9,117.9,128.8,56.5,9.7,37.5,48.4,38.1,111.9,117.9,128.8,56.5,9.7,37.5,48.4,38.1
"USC UpstateWake Forest11-13",2024-11-13,"Wake Forest","Wake Forest",85,80,"H",106.3,121.5,117.7,57.3,15.2,32.4,60,26.92,106.3,121.5,117.7,57.3,15.2,32.4,60,26.92
"UTEPLouisville12-11",2024-12-11,"Louisville","Louisville",77,74,"H",112.6,106.6,110.5,44.8,15.8,42.1,58.6,17.65,112.6,106.6,110.5,44.8,15.8,42.1,58.6,17.65
"Utah ValleyStanford12-3",2024-12-03,"Stanford","Stanford",77,63,"H",108.4,89.9,104.3,51.6,17.6,27,27,25,108.4,89.9,104.3,51.6,17.6,27,27,25
"VMIPittsburgh11-18",2024-11-18,"Pittsburgh","Pittsburgh",93,48,"H",118.3,84,135.6,64.1,11.7,40,21.9,42.86,118.3,84,135.6,64.1,11.7,40,21.9,42.86
"VanderbiltVirginia Tech12-4",2024-12-04,"Virginia Tech","Virginia Tech",64,80,"H",104.4,109,95.7,45,22.4,38.9,21.7,27.59,104.4,109,95.7,45,22.4,38.9,21.7,27.59
"VillanovaVirginia11-15",2024-11-15,"Virginia","Virginia",70,60,"N",113.1,83.3,111.7,65.3,19.1,12,18.4,56,113.1,83.3,111.7,65.3,19.1,12,18.4,56
"Virginia TechCalifornia1-11",2025-01-11,"Virginia Tech","California",71,68,"A",118.7,96.5,112.7,61.2,20.6,28,34.7,50,99.8,115.9,107.9,37.5,3.2,35.4,30.9,25.93
"Virginia TechDuke12-31",2024-12-31,"Virginia Tech","Duke",65,88,"A",127.7,112.6,101.4,54,18.7,16.7,30,38.1,130.3,103.2,137.2,62.9,14,37,25.9,37.93
"Virginia TechFlorida St.1-29",2025-01-29,"Virginia Tech","Florida St.",76,66,"A",122.7,88.8,111,50,14.6,32.6,51.7,38.46,91.4,111.4,96.4,46.8,16.1,26.3,19.4,32
"Virginia TechGeorgia Tech1-22",2025-01-22,"Virginia Tech","Georgia Tech",64,71,"A",103.6,105.4,96.2,46.6,25.5,38.9,16.9,42.31,104.2,94.3,106.7,52.9,15,21.9,51,35.29
"Virginia TechStanford1-8",2025-01-08,"Virginia Tech","Stanford",59,70,"A",102.1,95.6,91.9,50,15.6,12.5,12.5,28.57,101.9,94.7,109,52.9,17.1,27.6,32.7,37.5
"Virginia TechVirginia2-1",2025-02-01,"Virginia Tech","Virginia",75,74,"A",134.1,116.2,124.5,63.5,11.6,20,47.9,52.38,117.7,124.2,122.8,55.6,6.6,19.4,33.3,34.78
"VirginiaCalifornia1-8",2025-01-08,"Virginia","California",61,75,"A",96.5,108.1,94.4,38.8,12.4,27.5,31,30.43,116.5,96.3,116.1,47.1,15.5,33.3,64.7,30.77
"VirginiaFlorida12-4",2024-12-04,"Virginia","Virginia",69,87,"A",128.6,112.3,107.2,52.6,23.3,40.6,17.5,38.1,128.6,112.3,107.2,52.6,23.3,40.6,17.5,38.1
"VirginiaLouisville1-18",2025-01-18,"Virginia","Louisville",67,81,"A",104.7,103.5,95.8,54.9,21.5,16.1,37.3,38.1,120.5,93.6,115.8,48.3,10,28.6,45,26.09
"VirginiaMiami FL1-29",2025-01-29,"Virginia","Miami FL",82,71,"A",126.7,111.9,137.8,65.7,11.8,37.5,39.2,45.83,123.1,136.3,119.3,57.1,18.5,33.3,40.8,31.58
"VirginiaPittsburgh2-3",2025-02-03,"Virginia","Pittsburgh",73,57,"A",132.5,85.4,124.6,66,18.8,32,22,45.45,97.1,126.5,97.3,48.8,17.1,13.8,48.8,30
"VirginiaSMU12-7",2024-12-07,"Virginia","SMU",51,63,"A",91.8,86.2,80.8,42.6,22.2,9.7,25.5,42.11,97.9,84.6,99.8,49,19,26.7,40.8,25
"VirginiaStanford1-11",2025-01-11,"Virginia","Stanford",65,88,"A",119.2,131,108.6,57.8,20.1,23.1,35.6,47.62,145.6,113,147.1,59,10,45.2,27.9,41.67
"Wake ForestClemson12-21",2024-12-21,"Wake Forest","Clemson",62,73,"A",96.5,92.9,88.4,53,27.1,18.5,24,23.08,114.4,89.8,104.1,47.5,17.1,27,26.2,32.26
"Wake ForestLouisville1-28",2025-01-28,"Wake Forest","Louisville",59,72,"A",93.8,99.5,88.9,48.2,22.6,28.6,14.3,38.1,123.9,86,108.5,48.3,13.6,25.6,35.6,30.56
"Wake ForestMiami FL1-11",2025-01-11,"Wake Forest","Miami FL",88,78,"A",117.2,104.9,126.9,60.9,13,29,18.8,34.78,123.5,129.4,112.5,49.2,20.2,44.7,33.9,31.43
"Wake ForestSyracuse12-31",2024-12-31,"Wake Forest","Syracuse",81,71,"A",110.6,93.7,109.1,50.8,14.8,24.3,43.3,47.37,105.5,110.6,95.6,42,24.2,38.5,57.1,22.73
"Wake ForestTexas A&M12-3",2024-12-03,"Wake Forest","Wake Forest",44,57,"A",85.9,78.3,70.2,33.3,23.9,33.3,11.7,21.43,85.9,78.3,70.2,33.3,23.9,33.3,11.7,21.43
"Wake ForestVirginia Tech1-18",2025-01-18,"Wake Forest","Virginia Tech",72,63,"A",108.8,91.6,109,50.9,10.6,18.8,29.8,31.58,105.8,110.1,95.4,46.2,21.2,28.1,36.5,31.58
"Wake ForestXavier11-16",2024-11-16,"Wake Forest","Wake Forest",60,75,"A",99.6,103.1,90.5,52.1,27.2,26.9,31.9,33.33,99.6,103.1,90.5,52.1,27.2,26.9,31.9,33.33
"West GeorgiaGeorgia Tech11-6",2024-11-06,"Georgia Tech","Georgia Tech",85,62,"H",105,89.5,113.6,53.7,16,40.6,25,25.93,105,89.5,113.6,53.7,16,40.6,25,25.93
"West VirginiaPittsburgh11-15",2024-11-15,"Pittsburgh","Pittsburgh",86,62,"H",134.7,81.2,118.2,56.9,15.1,22.9,44.8,37.04,134.7,81.2,118.2,56.9,15.1,22.9,44.8,37.04
"Western CarolinaFlorida St.11-26",2024-11-26,"Florida St.","Florida St.",91,57,"H",109.5,91.4,119.2,65.7,23.6,28.6,48.1,42.86,109.5,91.4,119.2,65.7,23.6,28.6,48.1,42.86
"Western CarolinaWake Forest11-19",2024-11-19,"Wake Forest","Wake Forest",82,69,"H",110.7,117,117.8,52.4,11.5,30.6,30.2,38.71,110.7,117,117.8,52.4,11.5,30.6,30.2,38.71
"WinthropFlorida St.12-17",2024-12-17,"Florida St.","Florida St.",82,64,"H",100.8,85.4,107.2,56.6,26.1,47.1,27.9,35,100.8,85.4,107.2,56.6,26.1,47.1,27.9,35
"WinthropLouisville11-22",2024-11-22,"Louisville","Louisville",76,61,"H",90.1,80.5,96.9,54.6,25.5,31.2,48.1,26.92,90.1,80.5,96.9,54.6,25.5,31.2,48.1,26.92
"WinthropVirginia Tech11-11",2024-11-11,"Virginia Tech","Virginia Tech",58,52,"H",85.1,84.8,91.5,40.4,20.5,43.2,31.6,27.59,85.1,84.8,91.5,40.4,20.5,43.2,31.6,27.59
"WoffordDuke11-16",2024-11-16,"Duke","Duke",86,35,"H",125.2,55.8,133.7,61.3,15.5,45.2,17.7,42.11,125.2,55.8,133.7,61.3,15.5,45.2,17.7,42.11
"Youngstown St.Syracuse11-16",2024-11-16,"Syracuse","Syracuse",104,95,"H",113.6,118.6,116,54.1,12.3,31,52.1,22.73,113.6,118.6,116,54.1,12.3,31,52.1,22.73
